Indicator,Definition,Notes,Disclosure,References,Score,Justification,New disclosure?
Data size,"For the data used in building the model, is the data size disclosed?","Data size should be reported in appropriate units (e.g. bytes, words, tokens, images, frames) and broken down by modality. Data size should be reported to a precision of one significant figure (e.g. 4 trillion tokens, 200 thousand images). No form of decomposition into data phases is required.",,,0,,No
Data sources,"For all data used in building the model, are the data sources disclosed?","To receive this point, a meaningful decomposition of sources must be listed in an understandable way (e.g. named URLs/domains/databases/data providers). It does not suffice to say data is “sourced from the Internet"" or comes from ""licensed sources”.",,,0,,No
Data creators ,"For all data used in building the model, is there some characterization of the people who created the data?","While information about data creators may not be easily discernible for some data scraped from the web, the general sources (URLs/domains) should be listed, and, for other data that is bought, licensed, or collected, a reasonable attempt at characterizing the underlying people who provided the data is required to receive this point. The relevant properties of people can vary depending on context: for example, relevant properties could include demographic information like fraction of Black individuals contributing to the dataset, geographic information like fraction of European individuals contributing to the dataset, language information like fraction of L1 English speakers, or occupational information like the fraction of professional artists.",,,0,,No
Data source selection,Are the selection protocols for including and excluding data sources disclosed?,Selection protocols refer to procedures used to choose which datasets or subsets of datasets will be used to build a model. We will award this point even if the selection protocols are non-exhaustive.,,,0,,No
Data curation,"For all data sources, are the curation protocols for those data sources disclosed?","Curation protocols refer to steps taken to further modify data sources, such as procedures to manage, annotate, and organize data. The aims of curation might include improving the quality, relevance, and representativeness of the data. We will award this point if the developer reports that it does not perform any further curation beyond the data sources.","Personally Identifiable Information (PII) is eliminated through a data filtration process. We are implementing various techniques to remove duplicates and harmful content from the pre-training data. 
 
 Regarding the Instruction Finetuning as described in Section 4. of our paper, ""we fine-tuned it on instruction datasets publicly available on the Hugging Face repository. No proprietary data or training tricks were utilized""",https://arxiv.org/pdf/2310.06825,0,"While the disclosure provides useful information, it does not make clear what the full set of data curation practices are.",Yes
Data augmentation,Are any steps the developer takes to augment its data sources disclosed?,Such steps might include augmenting data sources with synthetic data. We will award this point if the developer reports that it does not take any steps to augment its data.,"Regarding the Instruction Finetuning as described in Section 4. of our paper, ""we fine-tuned it on instruction datasets publicly available on the Hugging Face repository. No proprietary data or training tricks were utilized""",https://arxiv.org/pdf/2310.06825,1,No data augmentation is performed.,Yes
Harmful data filtration,"If data is filtered to remove harmful content, is there a description of the associated filter?",Such harmful content might relate to violence or child sexual abuse material. We will award this point if the developer reports that it does not perform any harmful data filtration.,"In our development process, we have indeed implemented a rigorous filtration system to ensure the exclusion of harmful data during pre-training and instruction. This includes the removal of any content related to violence, erotic themes, or any form of child sexual abuse material. We are committed to maintaining a safe and respectful environment in all our operations. We are teaming up with Thorn and AllTechIsHuman to work on implementing child safety in our technology to prevent the creation and spread of AI generated CSAM",Disclosed as part of FMTI v1.1,1,,Yes
Copyrighted data,"For all data used in building the model, is the associated copyright status disclosed?","To receive this point, the copyright status (e.g. copyrighted, public domain) must relate to some decomposition of the data. We will award this point if there is some meaningful decomposition of the data, even if the decomposition is insufficient to receive the Data Creators point or if the disclosure is not comprehensive relative to legal copyright standards.",,,0,,No
Data license,"For all data used in building the model, is the associated license status disclosed?","To receive this point, the license status must relate to some decomposition of the data. We will award this point if there is some meaningful decomposition of the data, even if the decomposition is insufficient to receive the Data Creators point.",,,0,,No
Personal information in data,"For all data used in building the model, is the inclusion or exclusion of personal information in that data disclosed?","To receive this point, the disclosure of personal information must relate to some decomposition of the data. We will award this point if there is some meaningful decomposition of the data, even if the decomposition is insufficient to receive the Data Creators point. Additionally, we will award this point if the developer reports the inclusion of personal information, independent of if and how they mitigate related privacy concerns.",,,0,,No
Use of human labor,Are the phases of the data pipeline where human labor is involved disclosed?,"Phases of the data pipeline that involve human labor include activities and tasks performed by people to collect, annotate, clean, or validate data. This indicator is inclusive of all data that is created by or on behalf of the developer. We will award this point if the developer gives a reasonable best-effort description of the use of human labor in their data pipeline.","At present, the only human resources required for model development are in-house scientific resources and no external human workers have been leveraged.",Disclosed as part of FMTI v1.1,1,No data labor.,Yes
Employment of data laborers,Is the organization that directly employs the people involved in data labor disclosed for each phase of the data pipeline?,"Phases of the data pipeline that involve human labor include activities and tasks performed by people to collect, annotate, clean, or validate data. This indicator is inclusive of all data that is created by or on behalf of the developer. We will award this point if the developer provides the name of the organization that employs data laborers, even if other details about the employment relationship are not disclosed.",No external human workers,Disclosed as part of FMTI v1.1,1,No data labor.,Yes
Geographic distribution of data laborers,Is geographic information regarding the people involved in data labor disclosed for each phase of the data pipeline?,This indicator is inclusive of all data that is created by or on behalf of the developer. We will award this point if the developer gives a reasonable best-effort description of the geographic distribution of labor at the country-level.,No external human workers - employees of the French company and its subsidiaries,Disclosed as part of FMTI v1.1,1,No data labor.,Yes
Wages,Are the wages for people who perform data labor disclosed?,"This indicator is inclusive of data labor at all points of the model development process, such as training data annotation or red teaming data used to control the model. We will award this point if the developer reports that it does not compensate workers. For all data that is created by or on behalf of the developer, ",,,1,No data labor.,Yes
Instructions for creating data,Are the instructions given to people who perform data labor disclosed?,This indicator is inclusive of all data that is created by or on behalf of the developer. We will award this point if the developer makes a reasonable best-effort attempt to disclose instructions given to people who create data used to build the model for the bulk of the data phases involving human labor.,No external human workers,Disclosed as part of FMTI v1.1,1,No data labor.,Yes
Labor protections,Are the labor protections for people who perform data labor disclosed?,"This indicator is inclusive of data labor at all points of the model development process, such as training data annotation or red teaming data used to control the model. It is also inclusive of all data that is created by or on behalf of the developer. As an example, labor protections might include protocols to reduce the harm to workers' mental health stemming from exposure to violent content when annotating training data. We will award this point if the developer reports that it does not protect workers or if it does not use data laborers and therefore has no labor protections.",Standard employment contracts with applicable laws providing for high level labor protections,Disclosed as part of FMTI v1.1,1,No data labor.,Yes
Third party partners,Are the third parties who were or are involved in the development of the model disclosed?,This indicator is inclusive of partnerships that go beyond data labor as there may be third party partners at various stages in the model development process. We will award this point if the developer reports that it was the sole entity involved in the development of the model.,No external human workers,Disclosed as part of FMTI v1.1,1,No third party partners.,Yes
Queryable external data access,Are external entities provided with queryable access to the data used to build the model?,"We will award this point for any reasonable mechanism for providing access: direct access to the data, an interface to query the data, a developer-mediated access program where developers can inspect requests, etc. Developers may receive this point even if there are rate-limits on the number of queries permitted to an external entity and restrictions on which external entities are given access, insofar as these limits and restrictions are transparent and ensure a reasonable amount of external access. We may accept justifications for prohibiting queries of specific parts of the data.",,,0,,No
Direct external data access,Are external entities provided with direct access to the data used to build the model?,"We will award this point if external entities can directly access the data without any form of gating from the developer. With that said, we may award this point if the developer provides justifications for prohibiting access to specific parts of the data or to unauthorized external entities.",,,0,,No
Compute usage,Is the compute required for building the model disclosed?,"Compute should be reported in appropriate units, which most often will be floating point operations (FLOPS). Compute should be reported to a precision of one significant figure (e.g. 5 x $10^{25}$ FLOPS). We will award this point even if there is no decomposition of the reported compute usage into compute phases, but it should be clear whether the reported compute usage is for a single model run or includes additional runs, or hyperparameter tuning, or training other models like reward models, or other steps in the model development process that necessitate compute expenditure.",,,0,,No
Development duration,Is the amount of time required to build the model disclosed?,"The continuous duration of time required to build the model should be reported in weeks, days, or hours to a precision of one significant figure (e.g. 3 weeks). No form of decomposition into phases of building the model is required for this indicator, but it should be clear what the duration refers to (e.g. training the model, training and subsequent evaluation and red teaming).",,,0,,No
Compute hardware,"For the primary hardware used to build the model, is the amount and type of hardware disclosed?","In most cases, this indicator will be satisfied by information regarding the number and type of GPUs or TPUs used to train the model. The number of hardware units should be reported to a precision of one significant figure (e.g. 800 NVIDIA H100 GPUs). We will not award this point if (i) the training hardware generally used by the developer is disclosed, but the specific hardware for the given model is not, or (ii) the training hardware is disclosed, but the amount of hardware is not. We will award this point even if information about the interconnects between hardware units is not disclosed.",,,0,,No
Hardware owner,"For the primary hardware used in building the model, is the owner of the hardware disclosed?","For example, the hardware owner may be the model developer in the case of a self-owned cluster, a cloud provider like Microsoft Azure, Google Cloud Platform, or Amazon Web Services, or a national supercomputer. In the event that hardware is owned by multiple sources or is highly decentralized, we will award this point if a developer makes a reasonable effort to describe the distribution of hardware owners.",Mistral 7B was trained on Coreweave cluster.,"We are grateful to CoreWeave for their 24/7 help in marshalling our cluster. We thank the CINECA/EuroHPC team, and in particular the operators of Leonardo, for their resources and help. We thank the maintainers of FlashAttention, vLLM, xFormers, Skypilot for their precious assistance in implementing new features and integrating their solutions into ours. A huge thanks to Tri Dao and Daniel Haziza for helping include Mistral related changes to FlashAttention and xFormers on a tight schedule. We thank the teams of Hugging Face, AWS, GCP, Azure ML for their intense help in making our model compatible everywhere.

Acknowledgments https://arxiv.org/pdf/2310.06825",1,CoreWeave,No
Energy usage,Is the amount of energy expended in building the model disclosed?,"Energy usage should be reported in appropriate units, which most often will be megawatt-hours (mWh). Energy usage should be reported to a precision of one significant figure (e.g. 500 mWh). No form of decomposition into compute phases is required, but it should be clear whether the reported energy usage is for a single model run or includes additional runs, or hyperparameter tuning, or training other models like reward models, or other steps in the model development process that necessitate energy usage.",,,0,,No
Carbon emissions,Is the amount of carbon emitted (associated with the energy used) in building the model disclosed?,"Emissions should be reported in appropriate units, which most often will be tons of carbon dioxide emitted (tCO2). Emissions should be reported to a precision of one significant figure (e.g. 500 tCO2). No form of decomposition into compute phases is required, but it should be clear whether the reported emissions is for a single model run or includes additional runs, or hyperparameter tuning, or training other models like reward models, or other steps in the model development process that generate emissions.",,,0,,No
Broader environmental impact,Are any broader environmental impacts from building the model besides carbon emissions disclosed?,"While the most direct environmental impact of building a foundation model is the energy used and, therefore, the potential carbon emissions, there may be other environmental impacts. For example, these may include the use of other resources such as water for cooling data centers or metals for producing specialized hardware. We recognize that there does not exist an authoritative or consensus list of broader environmental factors. For this reason, we will award this point if there is a meaningful, though potentially incomplete, discussion of broader environmental impact.",,,0,,No
Model stages,Are all stages in the model development process disclosed?,"Stages refer to each identifiable step that constitutes a substantive change to the model during the model building process. We recognize that different developers may use different terminology for these stages, or conceptualize the stages differently. We will award this point if there is a clear and complete description of these stages.","2 main steps: 
- Pre-training: This is the initial phase of training where the model is exposed to a large corpus of text data. The model learns to predict the next word in a sentence, which helps it understand the structure of the language, grammar, context, and even some facts about the world. It is done in an unsupervised manner, meaning the model doesn't receive specific instructions or labels for each piece of data. 

- Instruction Fine-tuning: After pre-training, the model is quite good at understanding language, but it doesn't know how to follow instructions or complete tasks. This helps the model learn to perform specific tasks, like answering questions, writing essays, translating languages, and so on. It is done in a supervised manner with a mix instruction datasets and model feedback datasets. ",,1,,Yes
Model objectives,"For all stages that are described, is there a clear description of the associated learning objectives or a clear characterization of the nature of this update to the model?","We recognize that different developers may use different terminology for these stages, or conceptualize the stages differently. We will award this point if there is a clear description of the update to the model related to each stage, whether that is the intent of the stage (e.g. making the model less harmful), a mechanistic characterization (e.g. minimizing a specific loss function), or an empirical assessment (e.g. evaluation results conducted before and after the stage).","2 main steps: 
- Pre-training: This is the initial phase of training where the model is exposed to a large corpus of text data. The model learns to predict the next word in a sentence, which helps it understand the structure of the language, grammar, context, and even some facts about the world. It is done in an unsupervised manner, meaning the model doesn't receive specific instructions or labels for each piece of data. 
Objective: Next word prediction

- Instruction Fine-tuning: After pre-training, the model is quite good at understanding language, but it doesn't know how to follow instructions or complete tasks. This helps the model learn to perform specific tasks, like answering questions, writing essays, translating languages, and so on. It is done in a supervised manner with a mix instruction datasets and model feedback datasets. 
Objective: instruction following as well as reward modelling for model feedback steps (with a judge model)  ",,1,,Yes
Core frameworks,Are the core frameworks used for model development disclosed?,"Examples of core frameworks include Tensorflow, PyTorch, Jax, Hugging Face Transformers, Seqio, T5X, Keras, SciKit, and Triton. If there are significant internal frameworks, there should be some description of their function and/or a reasonably similar publicly-available analogue. We recognize that there does not exist an authoritative or consensus list of core frameworks. For this reason, we will award this point if there is a meaningful, though potentially incomplete, list of major frameworks for the first version of the index.","Pytorch 
FSDP implementation with fairscale",https://github.com/mistralai/mistral-src,1,,No
Additional dependencies,"Are any dependencies required to build the model disclosed besides data, compute, and code?","For example, if the model depends on an external search engine, programmable APIs, or tools, this should be disclosed. We recognize that there is not widespread consensus regarding what constitutes key dependencies beyond the data, compute, and code. We will award this point only if developers give a reasonable best-effort description of any additional dependencies or make clear that no additional dependencies are required.","Open-source no external dependencies (except Pytorch and raw weights)

The model is also served on our API (open-mistral-7b) 
","https://docs.mistral.ai/self-deployment/overview/
https://huggingface.co/mistralai",1,No additional dependencies.,Yes
Mitigations for privacy,Are any steps the developer takes to mitigate the presence of PII in the data disclosed?,"Such steps might include identifying personal information in the training data, filtering specific datasets to remove personal information, and reducing the likelihood that models will output personal information. We will award this point if the developer reports that it does not take steps to mitigate the presence of PII in the data.","Personally Identifiable Information (PII) is eliminated through a data filtration process. We are implementing various techniques to remove duplicates and harmful content from the pre-training data. 

Regarding the Instruction Finetuning as described in Section 4. of our paper, ""we fine-tuned it on instruction datasets publicly available on the Hugging Face repository. No proprietary data or training tricks were utilized""",,1,,Yes
Mitigations for copyright,Are any steps the developer takes to mitigate the presence of copyrighted information in the data disclosed?,"Such steps might include identifying copyrighted data, filtering specific datasets to remove copyrighted data, and reducing the likelihood that models will output copyrighted information. We will award this point if the developer reports that it does take steps to mitigate the presence of copyrighted information in the data.",,,0,,No
Input modality,Are the input modalities for the model disclosed?,"Input modalities refer to the types or formats of information that the model can accept as input. Examples of input modalities include text, image, audio, video, tables, graphs.",The output model modality is text,,1,text,No
Output modality,Are the output modalities for the model disclosed?,"Output modalities refer to the types or formats of information that the model can accept as output. Examples of output modalities include text, image, audio, video, tables, graphs.",The input model modality is text,,1,text,No
Model components,Are all components of the model disclosed?,"Model components refer to distinct and identifiable parts of the model. We recognize that different developers may use different terminology for model components, or conceptualize components differently. Examples include: (i) For a text-to-image model, components could refer to a text encoder and an image encoder, which may have been trained separately. (ii) For a retrieval-augmented model, components could refer to a separate retriever module.","Paper released
Hugging face model card
Github repository","Paper released
Hugging face model card
Github repository",1,A single-component decoder-only Transformer.,No
Model size,"For all components of the model, is the associated model size disclosed?","This information should be reported in appropriate units, which generally is the number of model parameters, broken down by named component. Model size should be reported to a precision of one significant figure (e.g. 500 billion parameters for text encoder, 20 billion parameters for image encoder).","Paper released
Hugging face model card
Github repository","https://arxiv.org/abs/2310.06825
https://huggingface.co/mistralai/Mistral-7B-v0.1
https://github.com/mistralai/mistral-src",1,7B parameters,No
Model architecture,Is the model architecture disclosed?,"Model architecture is the overall structure and organization of a foundation model, which includes the way in which any disclosed components are integrated and how data moves through the model during training or inference. We recognize that different developers may use different terminology for model architecture, or conceptualize the architecture differently. We will award this point for any clear, though potentially incomplete, description of the model architecture.","Paper released
Hugging face model card
Github repository
Section 2 of the paper","https://arxiv.org/abs/2310.06825
https://huggingface.co/mistralai/Mistral-7B-v0.1
https://github.com/mistralai/mistral-src",1,A single-component decoder-only Transformer.,No
Centralized model documentation,Is key information about the model included in a centralized artifact such as a model card?,"We recognize that different developers may share this information through different types of documentation, such as a system card or several clearly interrelated documents. We will award this point for the disclosure of any such centralized artifact that provides key information typically included in a model card, though the artifact may be longer-form than a standard model card (e.g. a technical report).",Paper released,https://arxiv.org/abs/2310.06825,1,Model card is provided.,No
External model access protocol,Is a protocol for granting external entities access to the model disclosed?,"A model access protocol refers to the steps, requirements, and considerations involved in granting authorized model access to external entities. We will award this point if the developer discloses key details of its protocol, including (i) where external entities can request access (e.g. via an access request form); (ii) explicit criteria for selecting external entities; and (iii) a transparent decision on whether access has been granted within a specified, reasonable period of time.",Open-source architecture and source code published,https://github.com/mistralai/mistral-src,1,Model weights are openly available and directly downloadable.,No
Blackbox external model access,Is black box model access provided to external entities?,"Black box model access refers to the ability to query the model with inputs and receive outputs, potentially without further access. Examples of external entities that might be granted access include researchers, third-party auditors, and regulators. We will award this point for any reasonable access level: direct access to the model weights, an interface to query the model, a developer-mediated access program where developers can inspect requests, etc. Developers may receive this point even if there are rate-limits on the number of queries permitted to an external entity and restrictions on the external entities that are permitted access, insofar as these limits and restrictions are transparent.",Public API,https://docs.mistral.ai/,1,Model weights are openly available and directly downloadable.,No
Full external model access,Is full model access provided to external entities?,"Full model access refers to the ability to access the model via the release of model weights. Developers may receive this point even if there are some restrictions on the external entities that are permitted access (e.g. geographic restrictions), insofar as these restrictions are transparent (e.g. via some high-level description of who has been granted access to the foundation model).","Open-source, source code published and public API ","https://github.com/mistralai/mistral-src
https://docs.mistral.ai/",1,Model weights are openly available and directly downloadable.,No
Capabilities description,Are the model's capabilities described?,"Capabilities refer to the specific and distinctive functions that the model can perform. We recognize that different developers may use different terminology for capabilities, or conceptualize capabilities differently. We will award this point for any clear, but potentially incomplete, description of the multiple capabilities.",Public documentations with capabilities guides,https://docs.mistral.ai/guides/overview/,1,"Model capabilities include summarization, personalization, evaluation, and text categorization.",No
Capabilities demonstration,Are the model’s capabilities demonstrated?,"Demonstrations refer to illustrative examples or other forms of showing the model's capabilities that are legible or understandable for the general public, without requiring specific technical expertise. We recognize that different developers may use different terminology for capabilities, or conceptualize capabilities differently. We will award this point for clear demonstrations of multiple capabilities.","The release post has a section called ""Performance in details"" with all the benchmarks of Mistral 7B, and our developer documentation explains that Mistral will support mainly low reasoning tasks such as Classification, Customer Support, or Text Generation or finetuning as it has low memory requirements compared to bigger models. 
 
 Several examples are shown also in the paper (Appendix section).",https://arxiv.org/abs/2310.06825,1,,No
Evaluation of capabilities,"Are the model’s capabilities rigorously evaluated, with the results of these evaluations reported prior to or concurrent with the initial release of the model?","Rigorous evaluations refer to precise quantifications of the model's behavior in relation to its capabilities. We recognize that capabilities may not perfectly align with evaluations, and that different developers may associate capabilities with evaluations differently. We will award this point for clear evaluations of multiple capabilities. For example, this may include evaluations of world knowledge, reasoning, state tracking or other such proficiencies. Or it may include the measurement of average performance (e.g. accuracy, F1) on benchmarks for specific tasks (e.g. text summarization, image captioning). We note that evaluations on standard broad-coverage benchmarks are likely to suffice for this indicator, though they may not if the model's capabilities are presented as especially unusual such that standard evaluations will not suffice.","News announcements with benchmarks
Available on the LMSYS leaderboard",https://mistral.ai/news/announcing-mistral-7b/,1,"The model is evaluated on standard capability benchmarks (e.g. MMLU, HellaSwag).",No
External reproducibility of capabilities evaluation,Are the evaluations of the model’s capabilities reproducible by external entities?,"For an evaluation to be reproducible by an external entity, we mean that the associated data is either (i) publicly available or (ii) described sufficiently such that a reasonable facsimile can be constructed by an external entity. In addition, the evaluation protocol should be sufficiently described such that if the evaluation is reproduced, any discrepancies with the developer's results can be resolved. We recognize that there does not exist an authoritative or consensus standard for what is required for an evaluation to be deemed externally reproducible. Evaluations on standard benchmarks are assumed to be sufficiently reproducible for the purposes of this index. We will award this point for reproducibility of multiple disclosed evaluations. In the event that an evaluation is not reproducible, a justification by the model developer for why it is not possible for the evaluation to be made reproducible may be sufficient to score this point.",Open-source model with code and public API access,"https://github.com/mistralai/mistral-src
https://docs.mistral.ai/",1,"The model is evaluated on standard capability benchmarks (e.g. MMLU, HellaSwag).",No
Third party capabilities evaluation,Are the model’s capabilities evaluated by third parties?,"By third party, we mean entities that are significantly or fully independent of the developer. We will award this point if (i) a third party has conducted an evaluation of model capabilities, (ii) the results of this evaluation are publicly available, and (iii) these results are disclosed or referred to in the developer’s materials.",Various providers have included Mistral 7B in their benchmarks as soon as it is open-source and could be evaluated easily,"https://arena.lmsys.org/
https://github.com/mistralai/mistral-src
https://docs.mistral.ai/",1,External evaluation of capabilities conducted by LMSYS on Chatbot Arena.,No
Limitations description,Are the model's limitations disclosed?,"Limitations refer to the specific and distinctive functions that the model cannot perform (e.g. the model cannot answer questions about current events as it only contains data up to a certain time cutoff, the model is not very capable when it comes to a specific application). We recognize that different developers may use different terminology for limitations, or conceptualize limitations differently. We will award this point for any clear, but potentially incomplete, description of multiple limitations.",,,0,,No
Limitations demonstration,Are the model’s limitations demonstrated?,"Demonstrations refer to illustrative examples or other forms of showing the limitations that are legible or understandable for the general public, without requiring specific technical expertise. We recognize that different developers may use different terminology for limitations, or conceptualize the limitations differently. We will award this point for clear demonstrations of multiple limitations.",,,0,,No
Third party evaluation of limitations,Can the model’s limitations be evaluated by third parties?,"By third parties, we mean entities that are significantly or fully independent of the model developers. In contrast to the third party evaluation indicators for capabilities and risks, we will award this point if third party evaluations are possible even if no third party has yet conducted them. Such evaluations are possible if, for example, the model is deployed via an API (or with open weights) and there are no restrictions on evaluating limitations (e.g. in the usage policy). ","Open-source, source code published, and public API available","https://github.com/mistralai/mistral-src
https://docs.mistral.ai/",1,Weights are available without restrictions on evaluating the model for limitations.,No
Risks description,Are the model's risks disclosed?,"Risks refer to possible negative consequences or undesirable outcomes that can arise from the model's deployment and usage. This indicator requires disclosure of risks that may arise in the event of both (i) intentional (though possibly careless) use, such as bias or hallucinations and (ii) malicious use, such as fraud or disinformation. We recognize that different developers may use different terminology for risks, or conceptualize risks differently. We will award this point for any clear, but potentially incomplete, description of multiple risks.","Yes, Mistral Team added two sections in the paper released regarding Guardrailing and Content moderation. Indeed harmful behaviour and dangerous content generation is probably the most common risk for open-source LLMs.",Disclosed as part of FMTI v1.1,1,,Yes
Risks demonstration,Are the model’s risks demonstrated?,"Demonstrations refer to illustrative examples or other forms of showing the risks that are legible or understandable for the general public, without requiring specific technical expertise. This indicator requires demonstration of risks that may arise in the event of both (i) intentional (though possibly careless) use, such as biases or hallucinations and (ii) malicious use, such as fraud or disinformation. We recognize that different developers may use different terminology for risks, or conceptualize risks differently. We will award this point for clear demonstrations of multiple risks.",,,0,,No
Unintentional harm evaluation,"Are the model’s risks related to unintentional harm rigorously evaluated, with the results of these evaluations reported prior to or concurrent with the initial release of the model?","Rigorous evaluations refer to precise quantifications of the model's behavior in relation to such risks. Unintentional harms include bias, toxicity, and issues relating to fairness. We recognize that unintended harms may not perfectly align with risk evaluations, and that different developers may associate risks with evaluations differently. We will award this point for clear evaluations of multiple such risks. We note that evaluations on standard broad-coverage benchmarks are likely to suffice for this indicator, though they may not if the model's risks related to unintentional harm are presented as especially unusual or severe.","Section 5.1 of the paper ""We introduce a system prompt (see below) to guide the model to generate answers within specified
guardrails, similar to the work done with Llama 2. Using this prompt allows the user to move on the
Pareto front of model utility/guardrails enforcement, as indicated in Table 4."". The dataset contains various unsafe prompts related with illegal activities, biases or toxicity and test the ability of the model to detect unappropriate usages.    

The model is able to filter 100% of unsafe prompts as well as keep significant performance on the MT bench. 
No system prompt 6.84 ± 0.07
Llama 2 system prompt 6.38 ± 0.07
Mistral system prompt 6.58 ± 0.05",https://arxiv.org/abs/2310.06825,0,The paper describes guardrails but does not disclose rigorous evaluations of unintentional harm,No
External reproducibility of unintentional harm evaluation,Are the evaluations of the model’s risks related to unintentional harm reproducible by external entities?,"For an evaluation to be reproducible by an external entity, we mean that the associated data is either (i) publicly available or (ii) described sufficiently such that a reasonable facsimile can be constructed by the external entity. In addition, the evaluation protocol should be sufficiently described such that if the evaluation is reproduced, any discrepancies with the developer's results can be resolved. We recognize that there does not exist an authoritative or consensus standard for what is required for an evaluation to be deemed externally reproducible. Evaluations on standard benchmarks are assumed to be sufficiently reproducible for the purposes of this index. We will award this point for reproducibility of multiple disclosed evaluations. In the event that an evaluation is not reproducible, a justification by the developer for why it is not possible for the evaluation to be made reproducible may suffice.",,,0,,No
Intentional harm evaluation,"Are the model’s risks related to intentional harm rigorously evaluated, with the results of these evaluations reported prior to or concurrent with the initial release of the model?.","Rigorous evaluations refer to precise quantifications of the model's behavior in relation to such risks. Intentional harms include fraud, disinformation, scams, cybersecurity attacks, designing weapons or pathogens, and uses of the model for illegal purposes. We recognize that unintentional harms may not perfectly align with risk evaluations, and that different developers may associate risks with evaluations differently. We will award this point for clear evaluations of multiple such risks. We note that evaluations on standard broad-coverage benchmarks are likely to suffice for this indicator, though they may not if the model's risks related to unintentional harm are presented as especially unusual or severe.",,,0,,No
External reproducibility of intentional harm evaluation,Are the evaluations of the model’s risks related to intentional harm reproducible by external entities?,"For an evaluation to be reproducible by an external entity, we mean that the associated data is either (i) publicly available or (ii) described sufficiently such that a reasonable facsimile can be constructed by the external entity. In addition, the evaluation protocol should be sufficiently described such that if the evaluation is reproduced, any discrepancies with the developer's results can be resolved. We recognize that there does not exist an authoritative or consensus standard for what is required for an evaluation to be deemed externally reproducible. Evaluations on standard benchmarks are assumed to be sufficiently reproducible for the purposes of this index. We will award this point for reproducibility of multiple disclosed evaluations. In the event that an evaluation is not reproducible, a justification by the model developer for why it is not possible for the evaluation to be made reproducible may suffice.",,,0,,No
Third party risks evaluation,Are the model’s risks evaluated by third parties?,"By third party, we mean entities that are significantly or fully independent of the developer. A third party risk evaluation might involve the developer allowing a third party to choose a methodology for evaluating risks that differs from that of the developer. We will award this point if (i) a third party has conducted an evaluation of model risks, (ii) the results of this evaluation are publicly available, and (iii) these results are disclosed or referred to in the developer’s materials. If the results are not made public (but are disclosed to have been conducted) and/or the results are not discoverable in the developer’s materials, we will not award this point. We may accept a justification from either the third party or the developer for why part of the evaluation is not disclosed in relation to risks.",,,0,,No
Mitigations description,Are the model mitigations disclosed?,"By model mitigations, we refer to interventions implemented by the developer at the level of the model to reduce the likelihood and/or the severity of the model’s risks. We recognize that different developers may use different terminology for mitigations, or conceptualize mitigations differently. We will award this point for any clear, but potentially incomplete, description of multiple mitigations associated with the model's risks. Alternatively, we will award this point if the developer reports that it does not mitigate risk.",Section 5 of Mistral 7B paper,https://arxiv.org/abs/2310.06825,1,,No
Mitigations demonstration,Are the model mitigations demonstrated?,"Demonstrations refer to illustrative examples or other forms of showing the mitigations that are legible or understandable for the general public, without requiring specific technical expertise. We recognize that different developers may use different terminology for mitigations, or conceptualize mitigations differently. We will award this point for clear demonstrations of multiple mitigations. We will also award this point if the developer reports that it does not mitigate the risks associated with the model.","We have open-sourced our safe prompt: ""Always assist with care, respect, and truth. Respond with utmost utility yet securely. Avoid harmful, unethical, prejudiced, or negative content. Ensure replies promote fairness and positivity."" This exhaustively describes our model-level mitigations.

Results with/without the safe prompt could be easily reproduced through API using the parameter ""safe_prompt"". In the documentation a few examples are given.",https://docs.mistral.ai/capabilities/guardrailing/#guardrailing-results-with-mistral-safety-prompt,1,,No
Mitigations evaluation,"Are the model mitigations rigorously evaluated, with the results of these evaluations reported?",Rigorous evaluations refer to precise quantifications of the model's behavior in relation to the mitigations associated with its risks. We will award this point for clear evaluations of multiple mitigations.,Section 5 of Mistral 7B paper,https://arxiv.org/abs/2310.06825,1,,No
External reproducibility of mitigations evaluation,Are the model mitigation evaluations reproducible by external entities?,"For an evaluation to be reproducible by an external entity, we mean that the associated data is either (i) publicly available or (ii) described sufficiently such that a reasonable facsimile can be constructed by the external entity. In addition, the evaluation protocol should be sufficiently described such that if the evaluation is reproduced, any discrepancies with the developer's results can be resolved. In the case of mitigations evaluations, this will usually involve details about a comparison to some baseline, which may be a different, unmitigated version of the model. We recognize that there does not exist an authoritative or consensus standard for what is required for an evaluation to be deemed externally reproducible. We will award this point for reproducibility of multiple disclosed evaluations. In the event that an evaluation is not reproducible, a justification by the model developer for why it is not possible for the evaluation to be made reproducible may suffice.",,,0,,No
Third party mitigations evaluation,Can the model mitigations be evaluated by third parties?,"By third party, we mean entities that are significantly or fully independent of the model developers. This indicator assesses whether it is possible for third parties to assess mitigations, which is not restricted to the methods the developer uses to assess mitigations. In contrast to the third party evaluation indicators for capabilities and risks, we will award this point if third party evaluations are possible even if no third party has yet conducted them.",,,0,,No
Trustworthiness evaluation,"Is the trustworthiness of the model rigorously evaluated, with the results of these evaluations disclosed?","Rigorous evaluations refer to precise quantifications of the model's behavior in relation to its trustworthiness. For example, this may include evaluations of the model’s robustness or reliability, its uncertainty, calibration, or causality, or its interpretability or explainability. We recognize that trustworthiness may not perfectly align with evaluations, and that different developers may associate trustworthiness with evaluations differently. We will award this point for a clear evaluation of the trustworthiness of the model.",,,0,,No
External reproducibility of trustworthiness evaluation,Are the trustworthiness evaluations reproducible by external entities?,"For an evaluation to be reproducible by an external entity, we mean that the associated data is either (i) publicly available or (ii) described sufficiently such that a reasonable facsimile can be constructed by the external entity. In addition, the evaluation protocol should be sufficiently described such that if the evaluation is reproduced, any discrepancies with the developer's results can be resolved. We recognize that there does not exist an authoritative or consensus standard for what is required for an evaluation to be deemed externally reproducible. Evaluations on standard benchmarks are assumed to be sufficiently reproducible for the purposes of this index. We will award this point for reproducibility of at least one evaluation. In the event that an evaluation is not reproducible, we may accept a justification by the model developer for why it is not possible for the evaluation to be made reproducible.",,,0,,No
Inference duration evaluation,Is the time required for model inference disclosed for a clearly-specified task on a clearly-specified set of hardware?,"The duration should be reported in seconds to a precision of one significant figure (e.g. 0.002 seconds). We recognize that no established standard exists for the standardized reporting of inference evaluation. Therefore, we permit the developer to specify the task and hardware setup, as long as both are disclosed. The hardware in this evaluation need not be the hardware the developer uses for inference if it in fact does any inference itself. For example, the specific task might be generating 100,000 tokens as 5,000 sequences of length 20 and the fixed set of hardware might be 8 NVIDIA A100s. The hardware in this evaluation need not be the hardware the developer uses for inference if it in fact does any inference itself.",,,0,,No
Inference compute evaluation,Is the compute usage for model inference disclosed for a clearly-specified task on a clearly-specified set of hardware?,"Compute usage for inference should be reported in FLOPS to a precision of one significant figure (e.g. 5 x $10^{25}$ FLOPS). We recognize that no established standard exists for the standardized reporting of inference evaluation. Therefore, we permit the developer to specify the task and hardware setup, as long as both are clear. For example, the specific task might be generating 100k tokens as 5k sequences of length 20 and the fixed set of hardware might be 8 NVIDIA A100s. The hardware in this evaluation need not be the hardware the developer uses for inference if it in fact does any inference itself.",,,0,,No
Release decision-making,Is the developer’s protocol for deciding whether or not to release a model disclosed?,"We recognize that the release of a foundation model falls along a spectrum, with many forms of partial release, and that different developers may conceptualize release differently. We will award this point for any clear protocol that discusses the decision-making process, including if the protocol is more general to the developer rather than the specific foundation model under consideration.",,,0,,No
Release process,Is a description of the process of how the model was released disclosed?,"A description of the release process might include information about who received access to the model at what stage of the release of the model. For example, a developer might conduct a staged release where it releases the model to a select group at first and subsequently makes the model more widely available. We recognize that the release of a foundation model falls along a spectrum, with many different forms of release, and that different developers may conceptualize release differently. We will award this point for any detailed discussion of the release process, including if the discussion is more general to the developer rather than the specific foundation model under consideration.","The model was first released via a Magnet link via Twitter, then shared via our API to beta users before general availability.","https://x.com/MistralAI/status/1706877320844509405?s=20
https://mistral.ai/news/announcing-mistral-7b/",1,,Yes
Distribution channels,Are all distribution channels disclosed?,"By distribution channel, we mean any pathway by which the model is made accessible to entities beyond the developer. We recognize that distribution channels may arise without the knowledge of the model developer. For example, the weights of a model may be released through one distribution channel and then be distributed through other channels. We will award this point if the developer discloses all of the distribution channels of which it is aware.",API and Open-source,https://mistral.ai/news/announcing-mistral-7b/,1,,No
Products and services,Does the developer disclose whether any products and services offered by the developer are dependent on the model?,We recognize that a developer may provide many products and services that depend on a foundation model or internal derivatives of the model. We will award this point for a reasonable best-effort description of any ways the developer makes internal use of the model in its products or services.,mistral-tiny: Mistral7B,https://docs.mistral.ai/getting-started/models/,1,,No
Detection of machine-generated content,Are any mechanisms for detecting content generated by this model disclosed?,"Such a mechanism might include storing a copy of all outputs generated by the model to compare against, implementing a watermark when generating content using the model, or training a detector post-hoc to identify such content. We will award this point if any such mechanism is disclosed or if the developer reports that it has no such mechanism.",,,0,,No
Model License,Is a license for the model disclosed?,"In the event that licenses are written more generally, it should be clear which assets they apply to. We recognize that different developers may adopt different business models and therefor have different types of model licenses. Examples of model licenses include responsible AI licenses, open-source licenses, and licenses that allow for commercial use.",Open-source: Apache 2.0,https://mistral.ai/news/announcing-mistral-7b/,1,,No
Terms of service,Are terms of service disclosed for each distribution channel?,We will award this point if there are terms-of-service that appear to apply to the bulk of the model’s distribution channels.,"API: See terms of service
Open-source: Apache 2.0 ",https://mistral.ai/terms-of-service/,1,,No
Permitted and prohibited users,Is a description of who can and cannot use the model disclosed?,"Such restrictions may relate to countries (e.g. US-only), organizations (e.g. no competitors), industries (e.g. no weapons industry users) or other relevant factors. These restrictions on users are often contained in multiple policies; we group them here for simplicity. We will awarded this point for a clear description of permitted, restricted, and prohibited users of the model.","API: See terms of service
Open-source: Apache 2.0 ",https://mistral.ai/terms-of-service/,1,,No
"Permitted, restricted, and prohibited uses","Are permitted, restricted, and prohibited uses of the model disclosed?","We will award this point if at least two of the following three categories are disclosed: (i) permitted uses, (ii) restricted uses, and (iii) prohibited uses. By restricted uses, we mean uses that require a higher level of scrutiny (such as permission from or a separate contract with the developer) to be permitted. These uses are generally included in an acceptable use policy, model license, or usage policy.",API: Terms of use ,,1,,No
Usage policy enforcement,Is the enforcement protocol for the usage policy disclosed?,"By enforcement protocol, we refer to (i) mechanisms for identifying permitted and prohibited users, (ii) mechanisms for identifying permitted/restricted/prohibited uses, (iii) steps the developer takes to enforce its policies related to such uses, and (iv) the developer’s procedures for carrying out these steps. We will award this point for a reasonable best-effort attempt to provide the bulk of this information, though one line indicating the developer reserves the right to terminate accounts is insufficient. Alternatively, we will award this point if the developer reports that it does not enforce its usage policy.",API: Terms of Use section 14 and 15,,0,,No
Justification for enforcement action,Do users receive a justification when they are subject to an enforcement action for violating the usage policy?,"For example, does the developer disclose a protocol for telling users which part of the usage policy they violated, when they did so, and what specifically was violative? Enforcement actions refer to measures to limit a user’s ability to use the model, such as banning a user or restricting their ability to purchase tokens. We will award this point if the developer discloses that it gives justification for enforcement actions or, alternatively, if it discloses that it does not provide justification for enforcement actions or that it does not enforce its usage policy.",,,0,,No
Usage policy violation appeals mechanism,Is a mechanism for appealing potential usage policy violations disclosed?,"We will award this point if the developer provides a usage policy violation appeals mechanism, regardless of whether it is provided via a user interface or distribution channel.","API: Terms of use ""Our obligations""",,0,,No
"Permitted, restricted, and prohibited model behaviors","Are model behaviors that are permitted, restricted, and prohibited disclosed?","We refer to a policy that includes this information as a model behavior policy, or a developer's policy on what the foundation model can and cannot do (e.g. such a policy may prohibit a model from generating child sexual abuse material). We recognize that different developers may adopt different business models and that some business models may make enforcement of a model behavior policy more or less feasible. We will award this point if at least two of the three categories (i.e. permitted, restricted, and prohibited model behaviors) are disclosed. Alternatively, we will award this point if the developer reports that it does not impose any restrictions on its model's behavior.","Open-source: Apache 2.0 

API: Mistral AI system prompt for guardrailing is publicly available on our documentation. 
""Always assist with care, respect, and truth. Respond with utmost utility yet securely. Avoid harmful, unethical, prejudiced, or negative content. Ensure replies promote fairness and positivity.""

See section 7 of the terms of use forbidding certain usages, including illegal, harmful or infringing uses. Moreover, our model will natively restrict harmful content, a safe mode has also been added to the API. Any harmful behavior is prevented by the model, which will decline users' requests. 

Terms-of-use ""Illicit content. You have the availability to report to Mistral AI any Output and/or User Data that (a) incites hate, violence, or discrimination against individuals based on their origin, ethnicity, religion, gender, sexual orientation, etc. (b) glorifies sexual harassment, (c) violates human dignity (e.g., human trafficking or pimping), (d) glorifies crimes against humanity or denying their existence, (e) incites terrorism, (f) glorifies very serious crimes against individuals (e.g., murder or sexual assault) (g) glorifies crimes involving theft, extortion, or material damage posing a danger to individuals (h) are of a pedophilic nature (i) are dangerous for minors. You can report such content by using the report feature on the Platform and/or by sending an email at support@mistral.ai. You grant Us the right to access the reported content to improve Our Services (e.g. to help Us make sure that the Model does not generate illicit content). This right is granted worldwide and for the duration of the intellectual property rights under applicable law. You must delete such content using the applicable feature on the Platform.""",,1,,No
Model behavior policy enforcement,Is the enforcement protocol for the model behavior policy disclosed?,"By enforcement protocol, we refer to mechanisms for identifying whether model behavior is permitted or prohibited and actions that may arise in the event the model behavior policy is violated. For example, the developer may make updates to the model in response to issues with the model’s adherence to the model behavior policy. We will award this point if there is a clear description of the enforcement protocol, or if the developer reports that it does not enforce its model behavior policy or that it has no such restrictions on the model’s behavior.",,,0,,No
Interoperability of usage and model behavior policies,Is the way that the usage policy and the model behavior policy interoperate disclosed?,"For example, if a user attempts to use the model for a prohibited use such as spam, how does the model behavior policy apply if at all? We will also award this point if the developer reports that it does not impose any restrictions on its model's behavior in the event of usage policy violation.",,,0,,No
User interaction with AI system,"For distribution channels with user-facing interfaces, are users notified (i) that they are interacting with an AI system, (ii) of the specific foundation model they are interacting with, and (iii) that outputs are machine-generated?","A user-facing interface refers to the means by which the user interacts with the foundation model, including how the user can observe outputs from the foundation model and other notifications. We will award this point if, for all distribution channels with user-facing interfaces, the user is provided adequate transparency as to the foundation model being distributed and the potential presence of any model outputs.","API: Users via La Plateforme must subscribe and agree to Mistral's terms of service. The user needs to choose the model in a ""model catalog""",https://mistral.ai/terms/#terms-of-service-la-plateforme,1,,No
Usage disclaimers,"For distribution channels with user-facing interfaces, are users provided with disclaimers involving model use?","A user-facing interface refers to the means by which the user interacts with the foundation model, including how the user can observe outputs from the foundation model and other notifications. Usage disclaimers could include information about what constitutes a usage policy violations or how users should interpret model outputs. We will award this point if, for all distribution channels with user-facing interfaces, the user is provided with usage disclaimers.","API: Users via La Plateforme must subscribe and agree to Mistral's terms of service. The user needs to choose the model in a ""model catalog""

And Section ""Your User Data. You must:

Not represent that the Output was generated by a human when it was generated by Our Services.

Not use the Output if You are aware that it infringes the rights of third parties, including but not limited to intellectual property rights.

Comply with the applicable data protection laws if You use Personal Data as part of Your User Data.""",https://mistral.ai/terms/#terms-of-service-la-plateforme,1,,No
User data protection policy,"Are the protocols for how the developer stores, accesses, and shares user data disclosed?",We will also award this point if the developer reports that it has no user data protection policy.,"API: Mistral AI privacy policy - section ""User Data""",https://mistral.ai/privacy-policy/,1,,No
Permitted and prohibited use of user data,Are permitted and prohibited uses of user data disclosed?,"Developers use user data for a range of purposes such as building future models, updating existing models, and evaluating both existing and future models. We will award this point if a developer discloses its policy on the use of user data from interactions associated with this model, including both permitted and prohibited uses. This may span different distribution channels if multiple channels supply user data to the developer. Alternatively, we will award this point if the developer reports it does not impose any limits on its use of user data.","API: Mistral AI privacy policy
""Your User Data. You must:

Not represent that the Output was generated by a human when it was generated by Our Services.

Not use the Output if You are aware that it infringes the rights of third parties, including but not limited to intellectual property rights.

Comply with the applicable data protection laws if You use Personal Data as part of Your User Data.""",https://mistral.ai/privacy-policy/,1,,No
Usage data access protocol,Is a protocol for granting external entities access to usage data disclosed?,"Usage data refers to the data created through user interaction with the model, such as user inputs to the model and associated metadata such as the duration of the interaction. A usage data access protocol refers to the steps, requirements, and considerations involved in granting external entities access to usage data; this goes beyond stating the conditions under which related personal information may be shared with external entities. We will award this point for a clear description of the usage data access protocol or if the developer reports it does not share usage data with external entities.",We do not share API usage data with external entities and we don't collect user data for Mistral 7B open source model,Disclosed as part of FMTI v1.1,1,,Yes
Versioning protocol,Is there a disclosed version and versioning protocol for the model?,"By versioning, we mean that each instance of the model is uniquely identified and that the model is guaranteed to not change when referring to a fixed version number; alternatively, the version clearly indicating a specific instance of the model may be able to change by noting that it is the ""latest"" or an ""unstable"" version. We recognize that different developers may adopt different versioning practices that may differ from standard semantic versioning practices used elsewhere in software engineering.","Open-source: Public Github repository with a change log
API: see Le Plateform home page

""Mistral-tiny. Our most cost-effective endpoint currently serves Mistral 7B Instruct v0.2, a new minor release of Mistral 7B Instruct. Mistral-tiny only works in English. It obtains 7.6 on MT-Bench. The instructed model can be downloaded here.

Mistral-small. This endpoint currently serves our newest model, Mixtral 8x7B, described in more detail in our blog post. It masters English/French/Italian/German/Spanish and code and obtains 8.3 on MT-Bench.

Mistral-medium. Our highest-quality endpoint currently serves a prototype model, that is currently among the top serviced models available based on standard benchmarks. It masters English/French/Italian/German/Spanish and code and obtains a score of 8.6 on MT-Bench. The following table compare the performance of the base models of Mistral-medium, Mistral-small and the endpoint of a competitor.""",https://github.com/mistralai/mistral-src/commits/main/ and https://docs.mistral.ai/getting-started/models/ and https://mistral.ai/news/la-plateforme/,1,,No
Change log,Is there a disclosed change log for the model?,"By change log, we mean a description associated with each change to the model (which should be indicated by a change in version number). We recognize that different developers may adopt different practices for change logs that may differ from practices used elsewhere in software engineering. We will award this point if the change log provides a clear description of changes that is legible to a technical audience.","Open-source: Public Github repository with a change log
API: see Le Plateforme home page

""Mistral-tiny. Our most cost-effective endpoint currently serves Mistral 7B Instruct v0.2, a new minor release of Mistral 7B Instruct. Mistral-tiny only works in English. It obtains 7.6 on MT-Bench. The instructed model can be downloaded here.

Mistral-small. This endpoint currently serves our newest model, Mixtral 8x7B, described in more detail in our blog post. It masters English/French/Italian/German/Spanish and code and obtains 8.3 on MT-Bench.

Mistral-medium. Our highest-quality endpoint currently serves a prototype model, that is currently among the top serviced models available based on standard benchmarks. It masters English/French/Italian/German/Spanish and code and obtains a score of 8.6 on MT-Bench. The following table compare the performance of the base models of Mistral-medium, Mistral-small and the endpoint of a competitor.""",https://github.com/mistralai/mistral-src/commits/main/ and https://mistral.ai/news/la-plateforme/,1,,No
Deprecation policy,Is there a disclosed deprecation policy for the developer?,"By deprecation policy, we refer to a description of what it means for a model to be deprecated and how users should respond to the deprecation (e.g. instructions to migrate to a newer version). We will award this point for a clear disclosure of a deprecation policy or if there is no risk of deprication (e.g. if the developer openly releases model weights).","Open-source: Public Github repository with the release of the model weights. There is no risk of depreciation
API: no models have been deprecated yet",https://github.com/mistralai/mistral-src/commits/main/,1,,Yes
Feedback mechanism,Is a feedback mechanism disclosed?,"By feedback mechanism, we refer to a means for external entities to report feedback or issues that arise in relation to the foundation model. Such entities may include but are not necessarily limited to users. We will award this point if the developer discloses a feedback mechanism that has been implemented.",Thumbs up and down in Le Chat. Also support mail address disclosed (support@mistral.ai),,1,,No
Feedback summary,"Is a report or summary disclosed regarding the feedback the developer received or, alternatively, the way the developer responded to that feedback?","We recognize that there does not exist an authoritative or consensus standard for what is required in a feedback report. For this reason, we will award this point if there is a meaningful, though potentially vague or incomplete, summary of feedback received.",,https://huggingface.co/mistralai/Mistral-7B-v0.1,1,Discussions and pull requests are pubic,No
Government inquiries,Is a summary of government inquiries related to the model received by the developer disclosed?,"Such government inquiries might include requests for user data, requests that certain content be banned, or requests for information about a developer’s business practices. We recognize that there does not exist an authoritative or consensus standard for what is required for such a summary of government inquiries. For this reason, we will award this point if (i) there is a meaningful, though potentially vague or incomplete, summary of government inquiries, or (ii) a summary of government inquiries related to user data.",,,0,,No
Monitoring mechanism,"For each distribution channel, is a monitoring mechanism for tracking model use disclosed?","By monitoring mechanism, we refer to a specific protocol for tracking model use that goes beyond an acknowledgement that usage data is collected. We will also award this point for a reasonable best-effort attempt to describe monitoring mechanisms, or if a developer discloses that a distribution channel is not monitored.","API: ""Monitoring. We may use Your Prompts and Outputs to monitor abuse (meaning, to monitor any breach by You of the Agreement). To this end, we retain Your Prompts and Outputs for a period of thirty (30) days. If, for a legitimate purpose, You do not want Us to retain Your Prompts and Outputs, You can formulate your opt-out by sending an email at legal@mistral.ai.""

Open-source: No monitoring mechanism",https://mistral.ai/terms-of-use/,1,,Yes
Downstream applications,"Across all forms of downstream use, is the number of applications dependent on the foundation model disclosed?","We recognize that there does not exist an authoritative or consensus standard for what qualifies as an application. We will award this point if there is a meaningful estimate of the number of downstream applications, along with some description of what it means for an application to be dependent on the model.",,,0,,No
Affected market sectors,"Across all downstream applications, is the fraction of applications corresponding to each market sector disclosed?","By market sector, we refer to an identifiable part of the economy. While established standards exist for describing market sectors, we recognize that developers may provide vague or informal characterizations of market impact. We will award this point if there is a meaningful, though potentially vague or incomplete, summary of affected market sectors.",,,0,,No
Affected individuals,"Across all forms of downstream use, is the number of individuals affected by the foundation model disclosed?","By affected individuals, we principally mean the number of potential users of applications. We recognize that there does not exist an authoritative or consensus standard for what qualifies as an affected individual. We will award this point if there is a meaningful estimate of the number of affected individuals along with a clear description of what it means for an individual to be affected by the model.",,,0,,No
Usage reports,Is a usage report that gives usage statistics describing the impact of the model on users disclosed?,"We recognize that there does not exist an authoritative or consensus standard for what is required in a usage report. Usage statistics might include, for example, a description of the major categories of harm that has been caused by use of the model. We will award this point if there is a meaningful, though potentially vague or incomplete, summary of usage statistics.",,,0,,No
Geographic statistics,"Across all forms of downstream use, are statistics of model usage across geographies disclosed?","We will award this point if there is a meaningful, though potentially incomplete or vague, disclosure of geographic usage statistics at the country-level.",,,0,,No
Redress mechanism,Is any mechanism to provide redress to users for harm disclosed?,We will also award this point if the developer reports it does not have any such redress mechanism.,,,0,,No
Centralized documentation for downstream use,Is documentation for downstream use centralized in a centralized artifact?,"Centralized documentation for downstream use refers to an artifact, or closely-linked artifacts, that consolidate relevant information for making use of or repurposing the model. Examples of these kinds of artifacts include a website with dedicated documentation information, a github repository with dedicated documentation information, and an ecosystem card. We recognize that different developers may take different approaches to centralizing information. We will award this point if there is a clearly-identified artifact(s) that contains the majority of substantive information (e.g. capabilities, limitations, risks, evaluations, distribution channels, model license, usage policies, model behavior policies, feedback and redress mechanisms, dependencies).",Centralized artifacts in Mistral documentation and the dedicated pages for policy and terms of use,"https://docs.mistral.ai
https://mistral.ai/terms-of-service/

https://mistral.ai/terms-of-use/
https://mistral.ai/privacy-policy/",1,Mistral documentation constitutes centralized documentation,No
Documentation for responsible downstream use,Is documentation for responsible downstream use disclosed?,"Such documentation might include details on how to adjust API settings to promote responsible use, descriptions of how to implement mitigations, or guidelines for responsible use. We will also award this point if the developer states that it does not provide any such documentation. For example, the developer might state that the model is offered as is and downstream developers are accountable for using the model responsibly.","Guardrailing and Content moderation section in Mistral 7B paper.
Safe mode parameter is available on our API to filter harmful content.
Safety prompt available in the documentation","https://docs.mistral.ai/platform/guardrailing/
https://arxiv.org/abs/2310.06825",1,See Guardrailing and Content Moderation section in Mistral 7B paper,No
